date,state,zone,total_visitors_nights
1998-01-01,NSW,Metro,9047.095396900002
1998-04-01,NSW,Metro,6962.125889800001
1998-07-01,NSW,Metro,6871.9630475
1998-10-01,NSW,Metro,7147.292611599999
1999-01-01,NSW,Metro,7956.922814299999
1999-04-01,NSW,Metro,6542.243263099999
1999-07-01,NSW,Metro,6330.364078400001
1999-10-01,NSW,Metro,7509.21219
2000-01-01,NSW,Metro,7662.4905024
2000-04-01,NSW,Metro,6341.801885
2000-07-01,NSW,Metro,7827.300649
2000-10-01,NSW,Metro,9579.562225900001
2001-01-01,NSW,Metro,8270.488389199998
2001-04-01,NSW,Metro,7240.4266339999995
2001-07-01,NSW,Metro,6640.4896461
2001-10-01,NSW,Metro,7111.874778300001
2002-01-01,NSW,Metro,6827.825709600001
2002-04-01,NSW,Metro,6404.992035199999
2002-07-01,NSW,Metro,6615.7601335
2002-10-01,NSW,Metro,7226.3764749
2003-01-01,NSW,Metro,7589.0582523
2003-04-01,NSW,Metro,6334.5271859
2003-07-01,NSW,Metro,5996.7475196000005
2003-10-01,NSW,Metro,6612.8461652999995
2004-01-01,NSW,Metro,7758.2674934
2004-04-01,NSW,Metro,6778.8356463
2004-07-01,NSW,Metro,5854.4516077
2004-10-01,NSW,Metro,6200.2138271
2005-01-01,NSW,Metro,7163.8299153
2005-04-01,NSW,Metro,5082.203579399999
2005-07-01,NSW,Metro,5673.551354700001
2005-10-01,NSW,Metro,6089.9058008
2006-01-01,NSW,Metro,8525.915573999999
2006-04-01,NSW,Metro,6569.684437999999
2006-07-01,NSW,Metro,5771.059327999999
2006-10-01,NSW,Metro,6692.897342
2007-01-01,NSW,Metro,8158.657532499999
2007-04-01,NSW,Metro,5710.0824346
2007-07-01,NSW,Metro,5402.5429286
2007-10-01,NSW,Metro,6803.493700000001
2008-01-01,NSW,Metro,7866.269299400001
2008-04-01,NSW,Metro,5616.7038446999995
2008-07-01,NSW,Metro,5886.763960700001
2008-10-01,NSW,Metro,5506.2984750000005
2009-01-01,NSW,Metro,6787.2254196
2009-04-01,NSW,Metro,5361.3172195
2009-07-01,NSW,Metro,4699.3495426
2009-10-01,NSW,Metro,6208.7840697
2010-01-01,NSW,Metro,7148.262201799999
2010-04-01,NSW,Metro,4850.2174843
2010-07-01,NSW,Metro,6029.4895211
2010-10-01,NSW,Metro,6238.902535
2011-01-01,NSW,Metro,7597.4675006
2011-04-01,NSW,Metro,5815.929591499999
2011-07-01,NSW,Metro,6183.2387665999995
2011-10-01,NSW,Metro,5929.0301327
2012-01-01,NSW,Metro,7986.9310625
2012-04-01,NSW,Metro,5307.8709729
2012-07-01,NSW,Metro,6054.1116938000005
2012-10-01,NSW,Metro,6023.8968728
2013-01-01,NSW,Metro,7028.4801216999995
2013-04-01,NSW,Metro,5813.4500297
2013-07-01,NSW,Metro,6322.8414263
2013-10-01,NSW,Metro,7101.6905301
2014-01-01,NSW,Metro,7897.3159874
2014-04-01,NSW,Metro,5997.467556799999
2014-07-01,NSW,Metro,6033.5328619
2014-10-01,NSW,Metro,7103.3975236
2015-01-01,NSW,Metro,8725.131620900002
2015-04-01,NSW,Metro,6995.8746449
2015-07-01,NSW,Metro,6294.489763
2015-10-01,NSW,Metro,6945.4763385999995
2016-01-01,NSW,Metro,7373.7573472
2016-04-01,NSW,Metro,6792.2336825
2016-07-01,NSW,Metro,6530.5680256
2016-10-01,NSW,Metro,7878.2768422
1998-01-01,NSW,NthCo,8565.6778903
1998-04-01,NSW,NthCo,7124.4683616
1998-07-01,NSW,NthCo,4716.8931164
1998-10-01,NSW,NthCo,6269.2990649
1999-01-01,NSW,NthCo,9493.901336
1999-04-01,NSW,NthCo,5401.201389400001
1999-07-01,NSW,NthCo,5542.6258237
1999-10-01,NSW,NthCo,6383.4736317
2000-01-01,NSW,NthCo,8337.0080096
2000-04-01,NSW,NthCo,4923.4761714
2000-07-01,NSW,NthCo,5134.4912284
2000-10-01,NSW,NthCo,6389.8878082
2001-01-01,NSW,NthCo,8259.3983426
2001-04-01,NSW,NthCo,5442.668817899999
2001-07-01,NSW,NthCo,5767.4281126000005
2001-10-01,NSW,NthCo,5611.9100746
2002-01-01,NSW,NthCo,9504.84267
2002-04-01,NSW,NthCo,6032.5248872
2002-07-01,NSW,NthCo,5824.0364124
2002-10-01,NSW,NthCo,6521.765428
2003-01-01,NSW,NthCo,8985.047892100001
2003-04-01,NSW,NthCo,5586.26359
2003-07-01,NSW,NthCo,5458.092111900001
2003-10-01,NSW,NthCo,6451.381762000001
2004-01-01,NSW,NthCo,8562.4033888
2004-04-01,NSW,NthCo,5769.0524682000005
2004-07-01,NSW,NthCo,5436.7937642
2004-10-01,NSW,NthCo,5997.55024
2005-01-01,NSW,NthCo,8561.084413499999
2005-04-01,NSW,NthCo,5177.7180905
2005-07-01,NSW,NthCo,5061.6275233
2005-10-01,NSW,NthCo,5131.7934906
2006-01-01,NSW,NthCo,7948.298965
2006-04-01,NSW,NthCo,6220.572149
2006-07-01,NSW,NthCo,5720.923247999999
2006-10-01,NSW,NthCo,5861.450471
2007-01-01,NSW,NthCo,8492.9110516
2007-04-01,NSW,NthCo,5638.5429601
2007-07-01,NSW,NthCo,5206.9026449
2007-10-01,NSW,NthCo,6495.8672811999995
2008-01-01,NSW,NthCo,8859.705052000001
2008-04-01,NSW,NthCo,5169.616492699999
2008-07-01,NSW,NthCo,4677.3354324
2008-10-01,NSW,NthCo,6063.1736447
2009-01-01,NSW,NthCo,8396.0698536
2009-04-01,NSW,NthCo,4701.395533100001
2009-07-01,NSW,NthCo,4702.0307055
2009-10-01,NSW,NthCo,6590.312614
2010-01-01,NSW,NthCo,7674.929890099999
2010-04-01,NSW,NthCo,4886.1404891
2010-07-01,NSW,NthCo,5601.4507478
2010-10-01,NSW,NthCo,5681.885340499999
2011-01-01,NSW,NthCo,8297.531605799999
2011-04-01,NSW,NthCo,6003.609339600001
2011-07-01,NSW,NthCo,5043.0165599
2011-10-01,NSW,NthCo,6141.692394500001
2012-01-01,NSW,NthCo,8230.6579564
2012-04-01,NSW,NthCo,5215.3094043
2012-07-01,NSW,NthCo,5680.5821000999995
2012-10-01,NSW,NthCo,6818.512993200001
2013-01-01,NSW,NthCo,7764.269932300001
2013-04-01,NSW,NthCo,5272.6028288
2013-07-01,NSW,NthCo,5254.3575449
2013-10-01,NSW,NthCo,6521.979120599999
2014-01-01,NSW,NthCo,8563.474331200001
2014-04-01,NSW,NthCo,6005.9107861
2014-07-01,NSW,NthCo,5846.8729335
2014-10-01,NSW,NthCo,5790.2886435
2015-01-01,NSW,NthCo,7875.725058200001
2015-04-01,NSW,NthCo,6021.249171
2015-07-01,NSW,NthCo,5486.4287051
2015-10-01,NSW,NthCo,6818.165173300001
2016-01-01,NSW,NthCo,9945.415088200001
2016-04-01,NSW,NthCo,6664.099360499999
2016-07-01,NSW,NthCo,5978.4578276
2016-10-01,NSW,NthCo,7362.0449339
1998-01-01,NSW,SthCo,5818.028804
1998-04-01,NSW,SthCo,2466.4367059
1998-07-01,NSW,SthCo,1928.0528335
1998-10-01,NSW,SthCo,2797.5559735
1999-01-01,NSW,SthCo,4853.6806796
1999-04-01,NSW,SthCo,2759.843103
1999-07-01,NSW,SthCo,2041.8266248
1999-10-01,NSW,SthCo,2650.6772206
2000-01-01,NSW,SthCo,5367.951355
2000-04-01,NSW,SthCo,3460.7945337
2000-07-01,NSW,SthCo,1606.1728533
2000-10-01,NSW,SthCo,2563.2538883
2001-01-01,NSW,SthCo,4913.8456938
2001-04-01,NSW,SthCo,3143.754048
2001-07-01,NSW,SthCo,1776.0689650999998
2001-10-01,NSW,SthCo,2437.9883115
2002-01-01,NSW,SthCo,4503.6775622000005
2002-04-01,NSW,SthCo,2738.9893225
2002-07-01,NSW,SthCo,2597.074341
2002-10-01,NSW,SthCo,3036.1038506
2003-01-01,NSW,SthCo,5347.3485696
2003-04-01,NSW,SthCo,2468.4390207
2003-07-01,NSW,SthCo,1839.5350605
2003-10-01,NSW,SthCo,2790.800558
2004-01-01,NSW,SthCo,5079.241473
2004-04-01,NSW,SthCo,2218.5871578
2004-07-01,NSW,SthCo,1974.1401055000001
2004-10-01,NSW,SthCo,2447.3963381
2005-01-01,NSW,SthCo,5113.6888234
2005-04-01,NSW,SthCo,1848.1871164
2005-07-01,NSW,SthCo,1741.6601928999999
2005-10-01,NSW,SthCo,2348.0972056
2006-01-01,NSW,SthCo,5067.586034999999
2006-04-01,NSW,SthCo,2359.089016
2006-07-01,NSW,SthCo,1799.0493430000001
2006-10-01,NSW,SthCo,2705.538984
2007-01-01,NSW,SthCo,4059.2279919000002
2007-04-01,NSW,SthCo,2422.2432441
2007-07-01,NSW,SthCo,1571.9162790999999
2007-10-01,NSW,SthCo,2123.5891187
2008-01-01,NSW,SthCo,5057.9949977999995
2008-04-01,NSW,SthCo,2225.727241
2008-07-01,NSW,SthCo,1688.6075339
2008-10-01,NSW,SthCo,2551.0461768
2009-01-01,NSW,SthCo,4642.8893396
2009-04-01,NSW,SthCo,2122.6352331
2009-07-01,NSW,SthCo,1260.8963537
2009-10-01,NSW,SthCo,2394.690798
2010-01-01,NSW,SthCo,4638.2318937
2010-04-01,NSW,SthCo,1869.8049694000001
2010-07-01,NSW,SthCo,1585.7820635
2010-10-01,NSW,SthCo,2287.8081107
2011-01-01,NSW,SthCo,4553.495719
2011-04-01,NSW,SthCo,2210.6994555
2011-07-01,NSW,SthCo,1971.8814369
2011-10-01,NSW,SthCo,1990.5918266999997
2012-01-01,NSW,SthCo,4547.8329954
2012-04-01,NSW,SthCo,2216.2563297999995
2012-07-01,NSW,SthCo,1463.5971793
2012-10-01,NSW,SthCo,2303.3887414
2013-01-01,NSW,SthCo,5027.767337300001
2013-04-01,NSW,SthCo,2331.8583286000003
2013-07-01,NSW,SthCo,2027.8621661000002
2013-10-01,NSW,SthCo,2769.2486992000004
2014-01-01,NSW,SthCo,4209.300459200001
2014-04-01,NSW,SthCo,2400.4955828
2014-07-01,NSW,SthCo,1662.3378486000001
2014-10-01,NSW,SthCo,2831.3549748
2015-01-01,NSW,SthCo,4811.7832296
2015-04-01,NSW,SthCo,2766.1029166000003
2015-07-01,NSW,SthCo,2097.5442688999997
2015-10-01,NSW,SthCo,2561.4404583000005
2016-01-01,NSW,SthCo,4789.1942037
2016-04-01,NSW,SthCo,2320.2285337
2016-07-01,NSW,SthCo,1651.0912337999998
2016-10-01,NSW,SthCo,2713.2102649999997
1998-01-01,NSW,SthIn,2679.5379629
1998-04-01,NSW,SthIn,3010.7321547
1998-07-01,NSW,SthIn,3328.8690045
1998-10-01,NSW,SthIn,2417.7722355
1999-01-01,NSW,SthIn,3224.2854282
1999-04-01,NSW,SthIn,2428.4890379999997
1999-07-01,NSW,SthIn,2893.2734816
1999-10-01,NSW,SthIn,2814.5780169
2000-01-01,NSW,SthIn,2553.0720615
2000-04-01,NSW,SthIn,2368.2105895
2000-07-01,NSW,SthIn,2934.8929747
2000-10-01,NSW,SthIn,2561.2722261999997
2001-01-01,NSW,SthIn,2378.1075895999998
2001-04-01,NSW,SthIn,2881.2883039
2001-07-01,NSW,SthIn,2470.9182833
2001-10-01,NSW,SthIn,2508.2590693
2002-01-01,NSW,SthIn,2539.1493241999997
2002-04-01,NSW,SthIn,2325.2628477
2002-07-01,NSW,SthIn,3618.0771256999997
2002-10-01,NSW,SthIn,2556.5700283000006
2003-01-01,NSW,SthIn,2645.3023789
2003-04-01,NSW,SthIn,2613.1923596
2003-07-01,NSW,SthIn,3028.6057679
2003-10-01,NSW,SthIn,2592.1560951
2004-01-01,NSW,SthIn,2641.145989
2004-04-01,NSW,SthIn,2277.1375542
2004-07-01,NSW,SthIn,3065.0549279
2004-10-01,NSW,SthIn,2919.3186669
2005-01-01,NSW,SthIn,3308.8726539
2005-04-01,NSW,SthIn,2683.1265456
2005-07-01,NSW,SthIn,2680.0404700999998
2005-10-01,NSW,SthIn,1769.9479818999998
2006-01-01,NSW,SthIn,2452.970974
2006-04-01,NSW,SthIn,2177.67174
2006-07-01,NSW,SthIn,2776.814372
2006-10-01,NSW,SthIn,1963.298024
2007-01-01,NSW,SthIn,2490.4560947
2007-04-01,NSW,SthIn,2499.1545484
2007-07-01,NSW,SthIn,2554.7025813
2007-10-01,NSW,SthIn,2256.9786182
2008-01-01,NSW,SthIn,2485.8709225999996
2008-04-01,NSW,SthIn,1961.5350424000003
2008-07-01,NSW,SthIn,2429.2341715000002
2008-10-01,NSW,SthIn,2567.8505883000003
2009-01-01,NSW,SthIn,2036.5386506999998
2009-04-01,NSW,SthIn,1992.1290531
2009-07-01,NSW,SthIn,2967.0964351
2009-10-01,NSW,SthIn,2272.5636849
2010-01-01,NSW,SthIn,2170.5571101
2010-04-01,NSW,SthIn,2141.0730501
2010-07-01,NSW,SthIn,3328.2496982000002
2010-10-01,NSW,SthIn,2302.1432629
2011-01-01,NSW,SthIn,2222.2617583
2011-04-01,NSW,SthIn,2087.4703124000002
2011-07-01,NSW,SthIn,3367.9050723
2011-10-01,NSW,SthIn,2167.2175206
2012-01-01,NSW,SthIn,2096.2836494999997
2012-04-01,NSW,SthIn,2321.9558624
2012-07-01,NSW,SthIn,2534.7282122
2012-10-01,NSW,SthIn,2424.8361161000003
2013-01-01,NSW,SthIn,2956.5868646
2013-04-01,NSW,SthIn,2238.8514081
2013-07-01,NSW,SthIn,2711.3736670999997
2013-10-01,NSW,SthIn,2329.3020431000004
2014-01-01,NSW,SthIn,2731.1911394999997
2014-04-01,NSW,SthIn,2685.6321537999997
2014-07-01,NSW,SthIn,2896.2982354
2014-10-01,NSW,SthIn,2400.5822718000004
2015-01-01,NSW,SthIn,2459.8219704
2015-04-01,NSW,SthIn,2210.9626289
2015-07-01,NSW,SthIn,3079.7256992000002
2015-10-01,NSW,SthIn,2630.8741812
2016-01-01,NSW,SthIn,2767.8529688
2016-04-01,NSW,SthIn,2691.3646789
2016-07-01,NSW,SthIn,3269.5653975
2016-10-01,NSW,SthIn,2739.3918013
1998-01-01,NSW,NthIn,2977.5066618
1998-04-01,NSW,NthIn,3477.7027168
1998-07-01,NSW,NthIn,3014.7703306999997
1998-10-01,NSW,NthIn,3757.972112
1999-01-01,NSW,NthIn,3790.7599001999997
1999-04-01,NSW,NthIn,3395.2839388
1999-07-01,NSW,NthIn,3626.1200939
1999-10-01,NSW,NthIn,3691.4980271
2000-01-01,NSW,NthIn,3135.8340131
2000-04-01,NSW,NthIn,2824.6040466000004
2000-07-01,NSW,NthIn,3390.6751543
2000-10-01,NSW,NthIn,2946.215151
2001-01-01,NSW,NthIn,3117.0188359
2001-04-01,NSW,NthIn,2967.4602041000003
2001-07-01,NSW,NthIn,3111.2544233999997
2001-10-01,NSW,NthIn,2778.671178
2002-01-01,NSW,NthIn,3246.0549461
2002-04-01,NSW,NthIn,3182.4639957
2002-07-01,NSW,NthIn,3550.7220564
2002-10-01,NSW,NthIn,3654.7100698
2003-01-01,NSW,NthIn,2530.0925019
2003-04-01,NSW,NthIn,3022.6127843
2003-07-01,NSW,NthIn,3138.2558479
2003-10-01,NSW,NthIn,2748.9808657999997
2004-01-01,NSW,NthIn,3113.5903744
2004-04-01,NSW,NthIn,3441.8461929000005
2004-07-01,NSW,NthIn,3361.8045900999996
2004-10-01,NSW,NthIn,3927.4077527
2005-01-01,NSW,NthIn,3760.0088364
2005-04-01,NSW,NthIn,2866.9399567
2005-07-01,NSW,NthIn,3101.6098392
2005-10-01,NSW,NthIn,2832.2971412999996
2006-01-01,NSW,NthIn,2986.3505360000004
2006-04-01,NSW,NthIn,2849.45493
2006-07-01,NSW,NthIn,2925.7072470000003
2006-10-01,NSW,NthIn,2885.6460469999997
2007-01-01,NSW,NthIn,3101.6742586
2007-04-01,NSW,NthIn,3334.8225860000002
2007-07-01,NSW,NthIn,2822.1557320999996
2007-10-01,NSW,NthIn,2665.5082138
2008-01-01,NSW,NthIn,3282.4560455
2008-04-01,NSW,NthIn,2944.4948212000004
2008-07-01,NSW,NthIn,2772.6931196
2008-10-01,NSW,NthIn,2892.7270796
2009-01-01,NSW,NthIn,2631.521285
2009-04-01,NSW,NthIn,2649.3920161
2009-07-01,NSW,NthIn,2860.4497357
2009-10-01,NSW,NthIn,2706.9879751999997
2010-01-01,NSW,NthIn,2695.9454197
2010-04-01,NSW,NthIn,3208.0419405000002
2010-07-01,NSW,NthIn,2828.1163775
2010-10-01,NSW,NthIn,2621.6497601
2011-01-01,NSW,NthIn,2528.3720409
2011-04-01,NSW,NthIn,3003.4454287
2011-07-01,NSW,NthIn,2932.6568968
2011-10-01,NSW,NthIn,2840.0028582
2012-01-01,NSW,NthIn,2863.1534243
2012-04-01,NSW,NthIn,3344.9713651999996
2012-07-01,NSW,NthIn,2833.9606021
2012-10-01,NSW,NthIn,3255.8814566
2013-01-01,NSW,NthIn,3443.1752167000004
2013-04-01,NSW,NthIn,2951.8076474
2013-07-01,NSW,NthIn,2830.8045767999997
2013-10-01,NSW,NthIn,2602.0722877
2014-01-01,NSW,NthIn,2581.9996133000004
2014-04-01,NSW,NthIn,2868.704147
2014-07-01,NSW,NthIn,2948.0541310000003
2014-10-01,NSW,NthIn,3754.8553579000004
2015-01-01,NSW,NthIn,2718.8231247
2015-04-01,NSW,NthIn,3445.1206746
2015-07-01,NSW,NthIn,2877.6987026999996
2015-10-01,NSW,NthIn,3776.0766923
2016-01-01,NSW,NthIn,2871.3755134
2016-04-01,NSW,NthIn,3928.4621831
2016-07-01,NSW,NthIn,3514.4310073
2016-10-01,NSW,NthIn,3490.7209024
1998-01-01,QLD,Metro,12106.0523764
1998-04-01,QLD,Metro,7786.6866879
1998-07-01,QLD,Metro,11380.023616199998
1998-10-01,QLD,Metro,9311.460271599999
1999-01-01,QLD,Metro,12671.941529200001
1999-04-01,QLD,Metro,9582.96509
1999-07-01,QLD,Metro,11192.968748599998
1999-10-01,QLD,Metro,9871.108251799998
2000-01-01,QLD,Metro,11709.8513463
2000-04-01,QLD,Metro,9357.776527900001
2000-07-01,QLD,Metro,11363.5328363
2000-10-01,QLD,Metro,9923.9230074
2001-01-01,QLD,Metro,11281.072391099999
2001-04-01,QLD,Metro,8812.2947344
2001-07-01,QLD,Metro,11639.739210999998
2001-10-01,QLD,Metro,11172.068576500002
2002-01-01,QLD,Metro,12252.613131199998
2002-04-01,QLD,Metro,8556.3812608
2002-07-01,QLD,Metro,11348.9670231
2002-10-01,QLD,Metro,11991.5508409
2003-01-01,QLD,Metro,14289.795605999998
2003-04-01,QLD,Metro,9895.2403005
2003-07-01,QLD,Metro,11397.57768
2003-10-01,QLD,Metro,11109.9624851
2004-01-01,QLD,Metro,12123.8981096
2004-04-01,QLD,Metro,9349.8661243
2004-07-01,QLD,Metro,12824.609107999999
2004-10-01,QLD,Metro,11582.087480799999
2005-01-01,QLD,Metro,13500.3660741
2005-04-01,QLD,Metro,9127.8899756
2005-07-01,QLD,Metro,11431.8199174
2005-10-01,QLD,Metro,10206.2294845
2006-01-01,QLD,Metro,12222.344160999999
2006-04-01,QLD,Metro,9169.504254
2006-07-01,QLD,Metro,9679.279752999999
2006-10-01,QLD,Metro,11232.030509999999
2007-01-01,QLD,Metro,12033.161785199998
2007-04-01,QLD,Metro,10433.648850700001
2007-07-01,QLD,Metro,11253.4748995
2007-10-01,QLD,Metro,10822.1469868
2008-01-01,QLD,Metro,13527.1438943
2008-04-01,QLD,Metro,8666.2277162
2008-07-01,QLD,Metro,9967.416605100001
2008-10-01,QLD,Metro,10624.9074287
2009-01-01,QLD,Metro,11258.639071700001
2009-04-01,QLD,Metro,7933.4052538000005
2009-07-01,QLD,Metro,10657.4852247
2009-10-01,QLD,Metro,9670.8478343
2010-01-01,QLD,Metro,10336.859437399999
2010-04-01,QLD,Metro,8177.679383400001
2010-07-01,QLD,Metro,10732.391716400001
2010-10-01,QLD,Metro,10955.047539700001
2011-01-01,QLD,Metro,9049.7876471
2011-04-01,QLD,Metro,9887.558998200002
2011-07-01,QLD,Metro,10161.815387899998
2011-10-01,QLD,Metro,10347.0543127
2012-01-01,QLD,Metro,10951.402393499999
2012-04-01,QLD,Metro,8251.7784478
2012-07-01,QLD,Metro,10173.2886877
2012-10-01,QLD,Metro,10906.527280299999
2013-01-01,QLD,Metro,12156.350614
2013-04-01,QLD,Metro,7891.8499383
2013-07-01,QLD,Metro,9486.0966561
2013-10-01,QLD,Metro,10602.6013219
2014-01-01,QLD,Metro,11460.220795
2014-04-01,QLD,Metro,9786.0740077
2014-07-01,QLD,Metro,10058.6381536
2014-10-01,QLD,Metro,10315.2962172
2015-01-01,QLD,Metro,11568.8238798
2015-04-01,QLD,Metro,9337.8208152
2015-07-01,QLD,Metro,10740.805761700001
2015-10-01,QLD,Metro,10300.9249521
2016-01-01,QLD,Metro,11875.1986164
2016-04-01,QLD,Metro,9058.698059600001
2016-07-01,QLD,Metro,11236.115195800001
2016-10-01,QLD,Metro,12057.7187158
1998-01-01,QLD,Cntrl,2748.3736888999997
1998-04-01,QLD,Cntrl,4040.9152564
1998-07-01,QLD,Cntrl,5343.9643467
1998-10-01,QLD,Cntrl,4260.4188782
1999-01-01,QLD,Cntrl,4186.1132625
1999-04-01,QLD,Cntrl,4237.8064976000005
1999-07-01,QLD,Cntrl,6414.5993729
1999-10-01,QLD,Cntrl,3710.4976825
2000-01-01,QLD,Cntrl,3800.1439656999996
2000-04-01,QLD,Cntrl,4182.8551827
2000-07-01,QLD,Cntrl,4173.0562468
2000-10-01,QLD,Cntrl,4192.214661100001
2001-01-01,QLD,Cntrl,3781.164254
2001-04-01,QLD,Cntrl,5061.5893165
2001-07-01,QLD,Cntrl,5086.3590537
2001-10-01,QLD,Cntrl,4217.2687927
2002-01-01,QLD,Cntrl,4405.2659453
2002-04-01,QLD,Cntrl,3262.6108187000004
2002-07-01,QLD,Cntrl,6493.2431975
2002-10-01,QLD,Cntrl,4357.7796769
2003-01-01,QLD,Cntrl,3259.3485406
2003-04-01,QLD,Cntrl,3810.4706951999997
2003-07-01,QLD,Cntrl,6107.851018400001
2003-10-01,QLD,Cntrl,3873.5707217000004
2004-01-01,QLD,Cntrl,3699.6486118000003
2004-04-01,QLD,Cntrl,3579.116281
2004-07-01,QLD,Cntrl,6646.7322551
2004-10-01,QLD,Cntrl,4212.6999987
2005-01-01,QLD,Cntrl,3735.9891957
2005-04-01,QLD,Cntrl,3601.7791954000004
2005-07-01,QLD,Cntrl,5066.490206
2005-10-01,QLD,Cntrl,3882.8388331
2006-01-01,QLD,Cntrl,3613.018397
2006-04-01,QLD,Cntrl,4190.8520229999995
2006-07-01,QLD,Cntrl,5250.045749
2006-10-01,QLD,Cntrl,4750.231229999999
2007-01-01,QLD,Cntrl,5062.771135200001
2007-04-01,QLD,Cntrl,4106.5546061000005
2007-07-01,QLD,Cntrl,5486.012592100001
2007-10-01,QLD,Cntrl,4209.0968718
2008-01-01,QLD,Cntrl,4714.5125325
2008-04-01,QLD,Cntrl,3887.7005295999998
2008-07-01,QLD,Cntrl,5539.0606045
2008-10-01,QLD,Cntrl,3657.0362087000003
2009-01-01,QLD,Cntrl,3905.549348
2009-04-01,QLD,Cntrl,4037.6314921
2009-07-01,QLD,Cntrl,5998.090771499999
2009-10-01,QLD,Cntrl,4524.6470546
2010-01-01,QLD,Cntrl,4138.9835726
2010-04-01,QLD,Cntrl,4266.619065000001
2010-07-01,QLD,Cntrl,5775.0707999
2010-10-01,QLD,Cntrl,4073.3044046
2011-01-01,QLD,Cntrl,1970.2613471000002
2011-04-01,QLD,Cntrl,4351.8496896999995
2011-07-01,QLD,Cntrl,6318.0466405
2011-10-01,QLD,Cntrl,4322.1516439
2012-01-01,QLD,Cntrl,4092.2538538999997
2012-04-01,QLD,Cntrl,5505.4380872
2012-07-01,QLD,Cntrl,5964.237869400001
2012-10-01,QLD,Cntrl,4289.6776631
2013-01-01,QLD,Cntrl,4704.4362991
2013-04-01,QLD,Cntrl,4889.508413500001
2013-07-01,QLD,Cntrl,4826.0928951999995
2013-10-01,QLD,Cntrl,4437.9398146
2014-01-01,QLD,Cntrl,5137.3688102999995
2014-04-01,QLD,Cntrl,5076.1261995
2014-07-01,QLD,Cntrl,6825.957795800001
2014-10-01,QLD,Cntrl,6098.1982009
2015-01-01,QLD,Cntrl,4276.9234892
2015-04-01,QLD,Cntrl,5509.0706781
2015-07-01,QLD,Cntrl,6155.2010691
2015-10-01,QLD,Cntrl,4449.9712748
2016-01-01,QLD,Cntrl,4498.2514889
2016-04-01,QLD,Cntrl,4867.572156
2016-07-01,QLD,Cntrl,6434.0196023
2016-10-01,QLD,Cntrl,6572.584327799999
1998-01-01,QLD,NthCo,2137.234012
1998-04-01,QLD,NthCo,2269.5956188
1998-07-01,QLD,NthCo,4890.227020299999
1998-10-01,QLD,NthCo,2621.5481648
1999-01-01,QLD,NthCo,2483.2025397999996
1999-04-01,QLD,NthCo,3377.8304692
1999-07-01,QLD,NthCo,5577.9590939
1999-10-01,QLD,NthCo,4279.066329
2000-01-01,QLD,NthCo,2909.8534748
2000-04-01,QLD,NthCo,2415.3958177
2000-07-01,QLD,NthCo,5428.6818379
2000-10-01,QLD,NthCo,3730.4053772
2001-01-01,QLD,NthCo,2111.3658461
2001-04-01,QLD,NthCo,2888.6206487
2001-07-01,QLD,NthCo,4467.7462929
2001-10-01,QLD,NthCo,3841.9496581999997
2002-01-01,QLD,NthCo,2474.7317587
2002-04-01,QLD,NthCo,2406.9786868
2002-07-01,QLD,NthCo,4786.7548654
2002-10-01,QLD,NthCo,3011.3681260000003
2003-01-01,QLD,NthCo,2372.9677404
2003-04-01,QLD,NthCo,2911.0530931
2003-07-01,QLD,NthCo,5008.2575939
2003-10-01,QLD,NthCo,4253.4786365
2004-01-01,QLD,NthCo,2542.2598497999998
2004-04-01,QLD,NthCo,3364.8520899000005
2004-07-01,QLD,NthCo,5086.9419829
2004-10-01,QLD,NthCo,2647.5894478
2005-01-01,QLD,NthCo,2453.5288694
2005-04-01,QLD,NthCo,2955.3242051999996
2005-07-01,QLD,NthCo,4153.651005899999
2005-10-01,QLD,NthCo,4006.7417434
2006-01-01,QLD,NthCo,2866.8983860000003
2006-04-01,QLD,NthCo,3220.89729
2006-07-01,QLD,NthCo,5123.943249
2006-10-01,QLD,NthCo,3816.660325
2007-01-01,QLD,NthCo,2772.7048891000004
2007-04-01,QLD,NthCo,3184.0382413999996
2007-07-01,QLD,NthCo,5806.754505299999
2007-10-01,QLD,NthCo,3264.5779632999997
2008-01-01,QLD,NthCo,2678.6997389
2008-04-01,QLD,NthCo,2924.1867315
2008-07-01,QLD,NthCo,4375.545833200001
2008-10-01,QLD,NthCo,3212.0297516
2009-01-01,QLD,NthCo,1642.5976541
2009-04-01,QLD,NthCo,3033.6558693
2009-07-01,QLD,NthCo,5578.9341813
2009-10-01,QLD,NthCo,3071.7756017
2010-01-01,QLD,NthCo,2416.5701409999997
2010-04-01,QLD,NthCo,3357.7681114
2010-07-01,QLD,NthCo,5299.0373924
2010-10-01,QLD,NthCo,2850.5861139999997
2011-01-01,QLD,NthCo,1717.2060671
2011-04-01,QLD,NthCo,2863.2825708999994
2011-07-01,QLD,NthCo,5918.092275599999
2011-10-01,QLD,NthCo,3232.7509847000006
2012-01-01,QLD,NthCo,3147.0741641
2012-04-01,QLD,NthCo,2718.8368038
2012-07-01,QLD,NthCo,4706.995154200001
2012-10-01,QLD,NthCo,3434.604438
2013-01-01,QLD,NthCo,2545.2112893
2013-04-01,QLD,NthCo,3334.6736043
2013-07-01,QLD,NthCo,5396.8002987
2013-10-01,QLD,NthCo,3131.8446656
2014-01-01,QLD,NthCo,2676.9029209
2014-04-01,QLD,NthCo,3550.3413148000004
2014-07-01,QLD,NthCo,5300.409968
2014-10-01,QLD,NthCo,3407.6647626
2015-01-01,QLD,NthCo,2503.1410376
2015-04-01,QLD,NthCo,3639.2172628
2015-07-01,QLD,NthCo,6530.2972789
2015-10-01,QLD,NthCo,3637.881869
2016-01-01,QLD,NthCo,3127.7800912
2016-04-01,QLD,NthCo,3658.8001925000003
2016-07-01,QLD,NthCo,5359.851445
2016-10-01,QLD,NthCo,3302.7155416000005
1998-01-01,SAU,Metro,2881.3717865
1998-04-01,SAU,Metro,2124.7355768
1998-07-01,SAU,Metro,2284.8702356000003
1998-10-01,SAU,Metro,1785.8889683000002
1999-01-01,SAU,Metro,2293.8725881
1999-04-01,SAU,Metro,2197.4181672
1999-07-01,SAU,Metro,2033.5130797000002
1999-10-01,SAU,Metro,2252.6205439
2000-01-01,SAU,Metro,3199.7961812
2000-04-01,SAU,Metro,1967.2847841
2000-07-01,SAU,Metro,1974.4315724
2000-10-01,SAU,Metro,2379.0255948999998
2001-01-01,SAU,Metro,2498.9233949000004
2001-04-01,SAU,Metro,1830.6939181999999
2001-07-01,SAU,Metro,2094.0400925999998
2001-10-01,SAU,Metro,2226.9332914
2002-01-01,SAU,Metro,2461.2310967
2002-04-01,SAU,Metro,2421.7140742
2002-07-01,SAU,Metro,2394.1832924
2002-10-01,SAU,Metro,2182.7575687
2003-01-01,SAU,Metro,2454.0078014
2003-04-01,SAU,Metro,2112.3468783999997
2003-07-01,SAU,Metro,2358.9654375
2003-10-01,SAU,Metro,1900.7791821000003
2004-01-01,SAU,Metro,3101.5847668
2004-04-01,SAU,Metro,2140.5193901
2004-07-01,SAU,Metro,2340.6598753000003
2004-10-01,SAU,Metro,2475.9909884
2005-01-01,SAU,Metro,2659.087952
2005-04-01,SAU,Metro,1571.8968178999999
2005-07-01,SAU,Metro,1795.3915425
2005-10-01,SAU,Metro,1955.0696319
2006-01-01,SAU,Metro,2357.490129
2006-04-01,SAU,Metro,2346.290776
2006-07-01,SAU,Metro,1627.1127440000002
2006-10-01,SAU,Metro,2146.111749
2007-01-01,SAU,Metro,2763.6482137000003
2007-04-01,SAU,Metro,2078.8172286000004
2007-07-01,SAU,Metro,2079.8653283999997
2007-10-01,SAU,Metro,2209.4903115
2008-01-01,SAU,Metro,2525.8234380000004
2008-04-01,SAU,Metro,1899.4823258000001
2008-07-01,SAU,Metro,1949.3524505999999
2008-10-01,SAU,Metro,2192.0292188000003
2009-01-01,SAU,Metro,2313.2906937
2009-04-01,SAU,Metro,1630.2197627
2009-07-01,SAU,Metro,2119.2144224000003
2009-10-01,SAU,Metro,2426.5989367
2010-01-01,SAU,Metro,1921.6833721000003
2010-04-01,SAU,Metro,2244.1489192
2010-07-01,SAU,Metro,1543.29843
2010-10-01,SAU,Metro,2083.2256506999997
2011-01-01,SAU,Metro,2293.8171064
2011-04-01,SAU,Metro,1981.9774702999998
2011-07-01,SAU,Metro,1786.0945116
2011-10-01,SAU,Metro,1951.6519008999999
2012-01-01,SAU,Metro,2164.9436143000003
2012-04-01,SAU,Metro,1761.2945827
2012-07-01,SAU,Metro,1943.2002044
2012-10-01,SAU,Metro,2133.9447602
2013-01-01,SAU,Metro,2279.1295318
2013-04-01,SAU,Metro,1809.8684280000002
2013-07-01,SAU,Metro,1632.1978038
2013-10-01,SAU,Metro,3302.6843771
2014-01-01,SAU,Metro,2557.1075530000003
2014-04-01,SAU,Metro,2161.1208698
2014-07-01,SAU,Metro,1828.2115561
2014-10-01,SAU,Metro,2308.5259777
2015-01-01,SAU,Metro,2639.2724572999996
2015-04-01,SAU,Metro,1748.3065327
2015-07-01,SAU,Metro,1911.1437616999997
2015-10-01,SAU,Metro,2383.1066773
2016-01-01,SAU,Metro,2874.4140865
2016-04-01,SAU,Metro,2075.9672775999998
2016-07-01,SAU,Metro,2121.6461157
2016-10-01,SAU,Metro,2407.2327669
1998-01-01,SAU,Coast,2591.9972177
1998-04-01,SAU,Coast,1375.7801276
1998-07-01,SAU,Coast,1079.5415418
1998-10-01,SAU,Coast,1497.6639509000001
1999-01-01,SAU,Coast,2247.6839524
1999-04-01,SAU,Coast,1672.8022587
1999-07-01,SAU,Coast,1104.7027992
1999-10-01,SAU,Coast,1503.2421182
2000-01-01,SAU,Coast,2480.801194
2000-04-01,SAU,Coast,1892.4877913999999
2000-07-01,SAU,Coast,1196.3883209
2000-10-01,SAU,Coast,1308.0822567
2001-01-01,SAU,Coast,2386.2271041
2001-04-01,SAU,Coast,1564.4546732
2001-07-01,SAU,Coast,1032.7246171
2001-10-01,SAU,Coast,1532.7468436000001
2002-01-01,SAU,Coast,2211.1094163
2002-04-01,SAU,Coast,1601.2054433
2002-07-01,SAU,Coast,1173.7385401
2002-10-01,SAU,Coast,1664.3548311
2003-01-01,SAU,Coast,2841.8903076
2003-04-01,SAU,Coast,1894.3733663
2003-07-01,SAU,Coast,1339.3934694
2003-10-01,SAU,Coast,1636.6452765000001
2004-01-01,SAU,Coast,2693.6061624
2004-04-01,SAU,Coast,1818.8771813999997
2004-07-01,SAU,Coast,1138.6336537000002
2004-10-01,SAU,Coast,1492.3496293
2005-01-01,SAU,Coast,2353.6182538000003
2005-04-01,SAU,Coast,1374.5514397
2005-07-01,SAU,Coast,1084.3482602
2005-10-01,SAU,Coast,1568.8788571
2006-01-01,SAU,Coast,2654.3832999999995
2006-04-01,SAU,Coast,1558.5519809999998
2006-07-01,SAU,Coast,1001.4200559999999
2006-10-01,SAU,Coast,1768.249212
2007-01-01,SAU,Coast,2569.3175443
2007-04-01,SAU,Coast,1330.2513529
2007-07-01,SAU,Coast,1138.3203803
2007-10-01,SAU,Coast,1492.2582075
2008-01-01,SAU,Coast,2786.3878174
2008-04-01,SAU,Coast,1366.4625191999999
2008-07-01,SAU,Coast,1016.7607158000001
2008-10-01,SAU,Coast,1771.1568919999997
2009-01-01,SAU,Coast,2372.6780019999997
2009-04-01,SAU,Coast,1532.7089
2009-07-01,SAU,Coast,972.4561534999999
2009-10-01,SAU,Coast,1538.4313319
2010-01-01,SAU,Coast,2074.3046227
2010-04-01,SAU,Coast,1394.7380005
2010-07-01,SAU,Coast,1027.2844439
2010-10-01,SAU,Coast,1447.941184
2011-01-01,SAU,Coast,2622.3787219999995
2011-04-01,SAU,Coast,1877.7347596
2011-07-01,SAU,Coast,1388.6470194
2011-10-01,SAU,Coast,1494.1433565
2012-01-01,SAU,Coast,2588.1959087
2012-04-01,SAU,Coast,1526.3121216
2012-07-01,SAU,Coast,1055.3197861
2012-10-01,SAU,Coast,1635.9776080000001
2013-01-01,SAU,Coast,2232.8461128
2013-04-01,SAU,Coast,1802.5202373
2013-07-01,SAU,Coast,1119.3468206000002
2013-10-01,SAU,Coast,1653.7781761
2014-01-01,SAU,Coast,2218.2737712000003
2014-04-01,SAU,Coast,1423.5994616
2014-07-01,SAU,Coast,1153.6186015
2014-10-01,SAU,Coast,1609.1248116999998
2015-01-01,SAU,Coast,3037.0889368
2015-04-01,SAU,Coast,1490.5277972
2015-07-01,SAU,Coast,996.5879552
2015-10-01,SAU,Coast,1972.7532768
2016-01-01,SAU,Coast,2860.2671330999997
2016-04-01,SAU,Coast,1680.253613
2016-07-01,SAU,Coast,1554.084728
2016-10-01,SAU,Coast,1705.1532089
1998-01-01,SAU,Inner,894.8772938
1998-04-01,SAU,Inner,979.2508843
1998-07-01,SAU,Inner,980.3288525
1998-10-01,SAU,Inner,1509.4342641
1999-01-01,SAU,Inner,963.5226620000001
1999-04-01,SAU,Inner,996.8803354000001
1999-07-01,SAU,Inner,1057.6872317000002
1999-10-01,SAU,Inner,770.5422248
2000-01-01,SAU,Inner,1066.6867119
2000-04-01,SAU,Inner,751.6705472
2000-07-01,SAU,Inner,1607.9280233000002
2000-10-01,SAU,Inner,1025.5240299
2001-01-01,SAU,Inner,974.2663081999999
2001-04-01,SAU,Inner,1109.9215034000001
2001-07-01,SAU,Inner,1031.9446538999998
2001-10-01,SAU,Inner,988.4082618000001
2002-01-01,SAU,Inner,684.6369189
2002-04-01,SAU,Inner,843.7066734
2002-07-01,SAU,Inner,1287.1040369
2002-10-01,SAU,Inner,1146.9908032
2003-01-01,SAU,Inner,881.3219876
2003-04-01,SAU,Inner,1133.9967772
2003-07-01,SAU,Inner,1094.8032099
2003-10-01,SAU,Inner,1223.9517102
2004-01-01,SAU,Inner,1161.327085
2004-04-01,SAU,Inner,1067.879111
2004-07-01,SAU,Inner,1004.2236470000001
2004-10-01,SAU,Inner,1050.1894629
2005-01-01,SAU,Inner,971.5793443
2005-04-01,SAU,Inner,940.3906212999999
2005-07-01,SAU,Inner,1055.8621365000001
2005-10-01,SAU,Inner,941.0504128
2006-01-01,SAU,Inner,829.28106
2006-04-01,SAU,Inner,1114.019309
2006-07-01,SAU,Inner,861.3138379999999
2006-10-01,SAU,Inner,885.756242
2007-01-01,SAU,Inner,771.905614
2007-04-01,SAU,Inner,1085.1969819
2007-07-01,SAU,Inner,928.4703968000001
2007-10-01,SAU,Inner,954.1559366
2008-01-01,SAU,Inner,800.2541523000001
2008-04-01,SAU,Inner,833.9414825
2008-07-01,SAU,Inner,919.1730508
2008-10-01,SAU,Inner,965.4733002
2009-01-01,SAU,Inner,773.3388472
2009-04-01,SAU,Inner,945.5687492
2009-07-01,SAU,Inner,1209.3744315000001
2009-10-01,SAU,Inner,916.3369066
2010-01-01,SAU,Inner,736.8271848
2010-04-01,SAU,Inner,926.1169509999999
2010-07-01,SAU,Inner,1063.2779962
2010-10-01,SAU,Inner,883.9368225000001
2011-01-01,SAU,Inner,775.7580798
2011-04-01,SAU,Inner,885.2613462
2011-07-01,SAU,Inner,1131.011461
2011-10-01,SAU,Inner,885.5229364
2012-01-01,SAU,Inner,1116.6904743000002
2012-04-01,SAU,Inner,872.6993865000001
2012-07-01,SAU,Inner,887.1992951000001
2012-10-01,SAU,Inner,1012.6321826
2013-01-01,SAU,Inner,1046.1503814
2013-04-01,SAU,Inner,969.8515881000001
2013-07-01,SAU,Inner,713.0095938
2013-10-01,SAU,Inner,762.4615494
2014-01-01,SAU,Inner,1048.2757201000002
2014-04-01,SAU,Inner,1050.8401016
2014-07-01,SAU,Inner,1302.0321128
2014-10-01,SAU,Inner,1325.0646136999999
2015-01-01,SAU,Inner,1164.5543756000002
2015-04-01,SAU,Inner,1164.9067673
2015-07-01,SAU,Inner,1021.0520592
2015-10-01,SAU,Inner,1251.283598
2016-01-01,SAU,Inner,1113.6515436
2016-04-01,SAU,Inner,1464.6183216
2016-07-01,SAU,Inner,1335.487584
2016-10-01,SAU,Inner,925.0705043999999
1998-01-01,VIC,Metro,7490.3816491
1998-04-01,VIC,Metro,5198.1780817
1998-07-01,VIC,Metro,5244.217362699999
1998-10-01,VIC,Metro,6274.2456066
1999-01-01,VIC,Metro,9187.4215532
1999-04-01,VIC,Metro,4992.3029263
1999-07-01,VIC,Metro,4746.482733899999
1999-10-01,VIC,Metro,4684.5318681
2000-01-01,VIC,Metro,8449.0467642
2000-04-01,VIC,Metro,5391.7241444
2000-07-01,VIC,Metro,4921.8120105
2000-10-01,VIC,Metro,5884.1526044
2001-01-01,VIC,Metro,8894.2672623
2001-04-01,VIC,Metro,5724.4318264
2001-07-01,VIC,Metro,5562.0257163
2001-10-01,VIC,Metro,6807.2516185
2002-01-01,VIC,Metro,7903.8710618
2002-04-01,VIC,Metro,4735.4407689
2002-07-01,VIC,Metro,5815.4555289
2002-10-01,VIC,Metro,6731.2909586999995
2003-01-01,VIC,Metro,7953.003010800001
2003-04-01,VIC,Metro,6019.6864828
2003-07-01,VIC,Metro,4885.0576293
2003-10-01,VIC,Metro,6203.778783500001
2004-01-01,VIC,Metro,7413.7828275
2004-04-01,VIC,Metro,6145.8299721
2004-07-01,VIC,Metro,5243.6633474
2004-10-01,VIC,Metro,5238.7215806
2005-01-01,VIC,Metro,8138.376406900001
2005-04-01,VIC,Metro,4760.8717415
2005-07-01,VIC,Metro,4973.5355044
2005-10-01,VIC,Metro,5368.762047
2006-01-01,VIC,Metro,8366.101452
2006-04-01,VIC,Metro,6326.707955
2006-07-01,VIC,Metro,4796.727981
2006-10-01,VIC,Metro,5831.785407000001
2007-01-01,VIC,Metro,8054.066886900001
2007-04-01,VIC,Metro,5494.1244117999995
2007-07-01,VIC,Metro,5523.3424761
2007-10-01,VIC,Metro,6455.2982218
2008-01-01,VIC,Metro,8504.6053334
2008-04-01,VIC,Metro,5446.6805953
2008-07-01,VIC,Metro,5857.1312938
2008-10-01,VIC,Metro,6313.262898999999
2009-01-01,VIC,Metro,7305.5828849
2009-04-01,VIC,Metro,5422.9384086
2009-07-01,VIC,Metro,5589.336666699999
2009-10-01,VIC,Metro,6073.224649299999
2010-01-01,VIC,Metro,7624.8810534
2010-04-01,VIC,Metro,5670.402393599999
2010-07-01,VIC,Metro,5582.4627485
2010-10-01,VIC,Metro,5614.280897000001
2011-01-01,VIC,Metro,7534.0390908
2011-04-01,VIC,Metro,5673.131474400001
2011-07-01,VIC,Metro,5721.2934123
2011-10-01,VIC,Metro,5899.970920000001
2012-01-01,VIC,Metro,7900.4622508
2012-04-01,VIC,Metro,5882.3337824
2012-07-01,VIC,Metro,5897.5357197
2012-10-01,VIC,Metro,6771.6958079999995
2013-01-01,VIC,Metro,8361.8541513
2013-04-01,VIC,Metro,5855.043049500001
2013-07-01,VIC,Metro,5580.4520644
2013-10-01,VIC,Metro,6504.1519158
2014-01-01,VIC,Metro,9442.314615399999
2014-04-01,VIC,Metro,6608.252144
2014-07-01,VIC,Metro,6270.7602737
2014-10-01,VIC,Metro,7548.738809400001
2015-01-01,VIC,Metro,9733.087335
2015-04-01,VIC,Metro,6645.5387879
2015-07-01,VIC,Metro,6545.2356918
2015-10-01,VIC,Metro,7724.151417399999
2016-01-01,VIC,Metro,9972.274580399999
2016-04-01,VIC,Metro,7184.241356699999
2016-07-01,VIC,Metro,6909.7283142999995
2016-10-01,VIC,Metro,8012.160959700001
1998-01-01,VIC,WstCo,2442.0048133
1998-04-01,VIC,WstCo,960.5047034
1998-07-01,VIC,WstCo,755.9743798999999
1998-10-01,VIC,WstCo,1271.6039695999998
1999-01-01,VIC,WstCo,2385.058308
1999-04-01,VIC,WstCo,1328.863781
1999-07-01,VIC,WstCo,758.8587431999999
1999-10-01,VIC,WstCo,942.279427
2000-01-01,VIC,WstCo,2227.1103883000005
2000-04-01,VIC,WstCo,1013.7119517
2000-07-01,VIC,WstCo,717.5116952
2000-10-01,VIC,WstCo,1104.6217626999999
2001-01-01,VIC,WstCo,2354.467896
2001-04-01,VIC,WstCo,1071.6824169
2001-07-01,VIC,WstCo,711.0843791
2001-10-01,VIC,WstCo,892.2900678
2002-01-01,VIC,WstCo,2096.7921963
2002-04-01,VIC,WstCo,1232.3374250000002
2002-07-01,VIC,WstCo,879.0911113
2002-10-01,VIC,WstCo,1107.588413
2003-01-01,VIC,WstCo,2027.1965725999999
2003-04-01,VIC,WstCo,1190.7985049000001
2003-07-01,VIC,WstCo,843.7204299
2003-10-01,VIC,WstCo,942.9980216
2004-01-01,VIC,WstCo,2269.0907213
2004-04-01,VIC,WstCo,1031.0606655
2004-07-01,VIC,WstCo,599.7418329999999
2004-10-01,VIC,WstCo,988.8178644999999
2005-01-01,VIC,WstCo,2316.205868
2005-04-01,VIC,WstCo,698.8662581
2005-07-01,VIC,WstCo,645.2811928
2005-10-01,VIC,WstCo,789.506934
2006-01-01,VIC,WstCo,2212.3499469999997
2006-04-01,VIC,WstCo,909.6854490000001
2006-07-01,VIC,WstCo,514.02346
2006-10-01,VIC,WstCo,1073.973369
2007-01-01,VIC,WstCo,2600.2859301
2007-04-01,VIC,WstCo,965.4698836
2007-07-01,VIC,WstCo,761.7754690999999
2007-10-01,VIC,WstCo,1126.3850451
2008-01-01,VIC,WstCo,2354.5125412
2008-04-01,VIC,WstCo,785.1332321
2008-07-01,VIC,WstCo,603.6331667
2008-10-01,VIC,WstCo,836.4067186000001
2009-01-01,VIC,WstCo,1946.1846702
2009-04-01,VIC,WstCo,939.3758637000001
2009-07-01,VIC,WstCo,776.4500296
2009-10-01,VIC,WstCo,1040.3496263
2010-01-01,VIC,WstCo,2047.2121038999996
2010-04-01,VIC,WstCo,892.1434491
2010-07-01,VIC,WstCo,775.5113437000001
2010-10-01,VIC,WstCo,820.5859261
2011-01-01,VIC,WstCo,2076.8116261
2011-04-01,VIC,WstCo,983.3752133
2011-07-01,VIC,WstCo,699.2251689
2011-10-01,VIC,WstCo,1004.6922536000001
2012-01-01,VIC,WstCo,2286.7597546
2012-04-01,VIC,WstCo,860.406707
2012-07-01,VIC,WstCo,583.1127888999999
2012-10-01,VIC,WstCo,977.865008
2013-01-01,VIC,WstCo,2128.4049182
2013-04-01,VIC,WstCo,996.515681
2013-07-01,VIC,WstCo,760.372813
2013-10-01,VIC,WstCo,1499.5756399000002
2014-01-01,VIC,WstCo,2965.1587183999995
2014-04-01,VIC,WstCo,1560.4912546
2014-07-01,VIC,WstCo,668.7500325999999
2014-10-01,VIC,WstCo,1115.7566096
2015-01-01,VIC,WstCo,2969.4934608
2015-04-01,VIC,WstCo,1092.7423473
2015-07-01,VIC,WstCo,811.2796938
2015-10-01,VIC,WstCo,1526.0333636
2016-01-01,VIC,WstCo,2495.1023163
2016-04-01,VIC,WstCo,930.4271197
2016-07-01,VIC,WstCo,941.1217504
2016-10-01,VIC,WstCo,1352.0851737
1998-01-01,VIC,EstCo,3381.9721825
1998-04-01,VIC,EstCo,1827.9401000999999
1998-07-01,VIC,EstCo,1351.9521199000003
1998-10-01,VIC,EstCo,1493.4147962
1999-01-01,VIC,EstCo,2896.9288926
1999-04-01,VIC,EstCo,1547.9014299
1999-07-01,VIC,EstCo,914.0969917
1999-10-01,VIC,EstCo,1341.6071775
2000-01-01,VIC,EstCo,2681.8754615999997
2000-04-01,VIC,EstCo,1429.5228566999997
2000-07-01,VIC,EstCo,1196.3614499999999
2000-10-01,VIC,EstCo,1806.9715306
2001-01-01,VIC,EstCo,2727.9212213
2001-04-01,VIC,EstCo,1370.4441794
2001-07-01,VIC,EstCo,1242.4390688
2001-10-01,VIC,EstCo,1382.5742178
2002-01-01,VIC,EstCo,2891.7124138
2002-04-01,VIC,EstCo,1814.8167388999998
2002-07-01,VIC,EstCo,976.1707142
2002-10-01,VIC,EstCo,1799.4383847
2003-01-01,VIC,EstCo,2668.525957
2003-04-01,VIC,EstCo,1589.4159181999999
2003-07-01,VIC,EstCo,1187.9482137999998
2003-10-01,VIC,EstCo,1604.5466331
2004-01-01,VIC,EstCo,3003.0459445999995
2004-04-01,VIC,EstCo,1484.4476199
2004-07-01,VIC,EstCo,1125.8214733
2004-10-01,VIC,EstCo,1612.6862853
2005-01-01,VIC,EstCo,3177.649221
2005-04-01,VIC,EstCo,1275.2137231
2005-07-01,VIC,EstCo,1061.391452
2005-10-01,VIC,EstCo,1334.932521
2006-01-01,VIC,EstCo,2845.7679689999995
2006-04-01,VIC,EstCo,1456.848671
2006-07-01,VIC,EstCo,1166.798918
2006-10-01,VIC,EstCo,1312.705491
2007-01-01,VIC,EstCo,2932.5115804
2007-04-01,VIC,EstCo,1507.0241071
2007-07-01,VIC,EstCo,971.8586745000001
2007-10-01,VIC,EstCo,1424.8895203999998
2008-01-01,VIC,EstCo,3401.1043923
2008-04-01,VIC,EstCo,1193.367518
2008-07-01,VIC,EstCo,848.6968881999999
2008-10-01,VIC,EstCo,1592.9815808
2009-01-01,VIC,EstCo,2314.9251818000002
2009-04-01,VIC,EstCo,1306.3156163
2009-07-01,VIC,EstCo,1123.994631
2009-10-01,VIC,EstCo,1577.6392243000003
2010-01-01,VIC,EstCo,2760.9263708999997
2010-04-01,VIC,EstCo,1405.5178538
2010-07-01,VIC,EstCo,875.6742151000001
2010-10-01,VIC,EstCo,1658.0605080000003
2011-01-01,VIC,EstCo,2699.2360432
2011-04-01,VIC,EstCo,1549.7528347999998
2011-07-01,VIC,EstCo,998.3042154
2011-10-01,VIC,EstCo,1477.0890471
2012-01-01,VIC,EstCo,2584.140892
2012-04-01,VIC,EstCo,1348.0316665
2012-07-01,VIC,EstCo,1766.8744452
2012-10-01,VIC,EstCo,1517.0148643999999
2013-01-01,VIC,EstCo,3066.4303238999996
2013-04-01,VIC,EstCo,1594.6615494999999
2013-07-01,VIC,EstCo,1013.1951127000001
2013-10-01,VIC,EstCo,1657.1576914
2014-01-01,VIC,EstCo,3278.5985935000003
2014-04-01,VIC,EstCo,1614.2637677
2014-07-01,VIC,EstCo,895.3776847
2014-10-01,VIC,EstCo,1462.7816062999998
2015-01-01,VIC,EstCo,2809.8412344999997
2015-04-01,VIC,EstCo,1844.1019932
2015-07-01,VIC,EstCo,1135.8061751000002
2015-10-01,VIC,EstCo,1831.1881525
2016-01-01,VIC,EstCo,3203.8931104000003
2016-04-01,VIC,EstCo,1249.3981281
2016-07-01,VIC,EstCo,967.8755451999999
2016-10-01,VIC,EstCo,1766.6326615
1998-01-01,VIC,Inner,5326.655137
1998-04-01,VIC,Inner,4441.1185743999995
1998-07-01,VIC,Inner,3815.6453017
1998-10-01,VIC,Inner,3859.5671451
1999-01-01,VIC,Inner,4588.7552092000005
1999-04-01,VIC,Inner,4070.4005402
1999-07-01,VIC,Inner,4114.4887568
1999-10-01,VIC,Inner,3723.3631147
2000-01-01,VIC,Inner,4958.0029594
2000-04-01,VIC,Inner,4186.4977467
2000-07-01,VIC,Inner,3765.293375
2000-10-01,VIC,Inner,3827.2408015
2001-01-01,VIC,Inner,4610.1996119
2001-04-01,VIC,Inner,3939.6839357999997
2001-07-01,VIC,Inner,3927.555112
2001-10-01,VIC,Inner,3893.688142
2002-01-01,VIC,Inner,5550.1542748
2002-04-01,VIC,Inner,4100.6518301999995
2002-07-01,VIC,Inner,4143.9040927999995
2002-10-01,VIC,Inner,4190.439408
2003-01-01,VIC,Inner,4616.6697196
2003-04-01,VIC,Inner,4580.5582663
2003-07-01,VIC,Inner,4245.5651397
2003-10-01,VIC,Inner,3915.378095
2004-01-01,VIC,Inner,5466.2240016999995
2004-04-01,VIC,Inner,4916.5123535
2004-07-01,VIC,Inner,4012.4375454
2004-10-01,VIC,Inner,3946.1566091000004
2005-01-01,VIC,Inner,4927.9136899000005
2005-04-01,VIC,Inner,3820.6774485
2005-07-01,VIC,Inner,3574.0852766000003
2005-10-01,VIC,Inner,3963.7146716000007
2006-01-01,VIC,Inner,4718.717923
2006-04-01,VIC,Inner,4251.0933939999995
2006-07-01,VIC,Inner,3766.511188
2006-10-01,VIC,Inner,3941.025137
2007-01-01,VIC,Inner,5227.3165051000005
2007-04-01,VIC,Inner,3811.6732035000005
2007-07-01,VIC,Inner,3269.5879289
2007-10-01,VIC,Inner,3659.4172376
2008-01-01,VIC,Inner,4678.6005946
2008-04-01,VIC,Inner,3650.1838064
2008-07-01,VIC,Inner,3677.605078
2008-10-01,VIC,Inner,3427.0306845
2009-01-01,VIC,Inner,4112.529925299999
2009-04-01,VIC,Inner,3821.4941375999997
2009-07-01,VIC,Inner,3667.9441467
2009-10-01,VIC,Inner,3522.4637652
2010-01-01,VIC,Inner,4195.8040465
2010-04-01,VIC,Inner,3820.6106894
2010-07-01,VIC,Inner,3620.6310377
2010-10-01,VIC,Inner,3790.2203275
2011-01-01,VIC,Inner,4764.529473099999
2011-04-01,VIC,Inner,4090.1067487
2011-07-01,VIC,Inner,4500.0347893
2011-10-01,VIC,Inner,3725.2548908
2012-01-01,VIC,Inner,5129.3572547
2012-04-01,VIC,Inner,3991.4181739999995
2012-07-01,VIC,Inner,3605.8550548000003
2012-10-01,VIC,Inner,4670.3472668
2013-01-01,VIC,Inner,4332.011382600001
2013-04-01,VIC,Inner,3973.0049655
2013-07-01,VIC,Inner,3336.9196711
2013-10-01,VIC,Inner,4279.0824213
2014-01-01,VIC,Inner,4909.336136100001
2014-04-01,VIC,Inner,4812.909183899999
2014-07-01,VIC,Inner,4634.9782213
2014-10-01,VIC,Inner,4919.987781000001
2015-01-01,VIC,Inner,4894.907607300001
2015-04-01,VIC,Inner,4507.0246966
2015-07-01,VIC,Inner,4569.0144230000005
2015-10-01,VIC,Inner,4584.000387399999
2016-01-01,VIC,Inner,5762.5698992
2016-04-01,VIC,Inner,4382.7051571
2016-07-01,VIC,Inner,4285.9105748
2016-10-01,VIC,Inner,4955.1384063
1998-01-01,WAU,Metro,3075.7789408999997
1998-04-01,WAU,Metro,2154.9288137000003
1998-07-01,WAU,Metro,2787.2861738999995
1998-10-01,WAU,Metro,2752.9098415
1999-01-01,WAU,Metro,3519.5643742
1999-04-01,WAU,Metro,3160.4296819
1999-07-01,WAU,Metro,2707.7264933999995
1999-10-01,WAU,Metro,2294.0648969000003
2000-01-01,WAU,Metro,3606.9880900000003
2000-04-01,WAU,Metro,2812.3064427
2000-07-01,WAU,Metro,1835.9131918
2000-10-01,WAU,Metro,3294.7109566000004
2001-01-01,WAU,Metro,2733.9892032
2001-04-01,WAU,Metro,2598.8650549
2001-07-01,WAU,Metro,2520.2678396
2001-10-01,WAU,Metro,2853.1964080000002
2002-01-01,WAU,Metro,3706.9241064
2002-04-01,WAU,Metro,2308.9347559999997
2002-07-01,WAU,Metro,2381.5295529
2002-10-01,WAU,Metro,2510.4062253
2003-01-01,WAU,Metro,3146.4837924000003
2003-04-01,WAU,Metro,2348.2007333
2003-07-01,WAU,Metro,2393.1097566999997
2003-10-01,WAU,Metro,2547.9275124
2004-01-01,WAU,Metro,3179.6094893000004
2004-04-01,WAU,Metro,2733.4888266000003
2004-07-01,WAU,Metro,2731.5464813999997
2004-10-01,WAU,Metro,2766.8098393
2005-01-01,WAU,Metro,2813.3057519999998
2005-04-01,WAU,Metro,2938.7450114999997
2005-07-01,WAU,Metro,2818.1855918
2005-10-01,WAU,Metro,2761.6262655
2006-01-01,WAU,Metro,2916.867391
2006-04-01,WAU,Metro,2588.864394
2006-07-01,WAU,Metro,2651.867766
2006-10-01,WAU,Metro,3209.47291
2007-01-01,WAU,Metro,3204.8003765
2007-04-01,WAU,Metro,3015.1241791
2007-07-01,WAU,Metro,2538.5655931
2007-10-01,WAU,Metro,3027.2984239999996
2008-01-01,WAU,Metro,3144.6011443
2008-04-01,WAU,Metro,2393.8547779
2008-07-01,WAU,Metro,3013.2921225
2008-10-01,WAU,Metro,2623.8939216000003
2009-01-01,WAU,Metro,2820.5755102999997
2009-04-01,WAU,Metro,2260.2473174
2009-07-01,WAU,Metro,1797.4122532
2009-10-01,WAU,Metro,2392.3103594
2010-01-01,WAU,Metro,2632.2794906000004
2010-04-01,WAU,Metro,2255.6187091
2010-07-01,WAU,Metro,2017.1642653
2010-10-01,WAU,Metro,2522.8625529
2011-01-01,WAU,Metro,2454.0727322
2011-04-01,WAU,Metro,2317.5432312000003
2011-07-01,WAU,Metro,2278.0872077
2011-10-01,WAU,Metro,2968.6083857
2012-01-01,WAU,Metro,3002.0788243
2012-04-01,WAU,Metro,2142.6140365
2012-07-01,WAU,Metro,2350.9394771
2012-10-01,WAU,Metro,2674.2642886000003
2013-01-01,WAU,Metro,3419.5433398
2013-04-01,WAU,Metro,3157.5234904
2013-07-01,WAU,Metro,2707.8742097000004
2013-10-01,WAU,Metro,2715.4976412
2014-01-01,WAU,Metro,3412.2052252
2014-04-01,WAU,Metro,2834.8589842
2014-07-01,WAU,Metro,2538.6166969
2014-10-01,WAU,Metro,2363.5834435
2015-01-01,WAU,Metro,3527.5441456
2015-04-01,WAU,Metro,3304.5286323000005
2015-07-01,WAU,Metro,2922.2965662
2015-10-01,WAU,Metro,3640.982738
2016-01-01,WAU,Metro,4169.9899227000005
2016-04-01,WAU,Metro,3262.9238284
2016-07-01,WAU,Metro,2837.9977386
2016-10-01,WAU,Metro,3367.65926
1998-01-01,WAU,Coast,3066.5550699
1998-04-01,WAU,Coast,3334.4054075999998
1998-07-01,WAU,Coast,4365.844090899999
1998-10-01,WAU,Coast,4521.9957285
1999-01-01,WAU,Coast,3579.3465925
1999-04-01,WAU,Coast,3408.5328827
1999-07-01,WAU,Coast,3979.3141922000004
1999-10-01,WAU,Coast,3364.6815416000004
2000-01-01,WAU,Coast,3728.5020047000003
2000-04-01,WAU,Coast,3340.7954133999997
2000-07-01,WAU,Coast,3755.4498145
2000-10-01,WAU,Coast,2906.9490816
2001-01-01,WAU,Coast,2737.2048847
2001-04-01,WAU,Coast,3633.6536662
2001-07-01,WAU,Coast,3550.4968837
2001-10-01,WAU,Coast,3933.3199172000004
2002-01-01,WAU,Coast,3815.2831429000003
2002-04-01,WAU,Coast,3217.1023699
2002-07-01,WAU,Coast,3926.5137975999996
2002-10-01,WAU,Coast,3696.8019118
2003-01-01,WAU,Coast,3550.069562
2003-04-01,WAU,Coast,3075.9723876
2003-07-01,WAU,Coast,4703.0736927
2003-10-01,WAU,Coast,3663.2871714
2004-01-01,WAU,Coast,3866.3428069
2004-04-01,WAU,Coast,3023.0775283
2004-07-01,WAU,Coast,5013.0585449
2004-10-01,WAU,Coast,4355.119639
2005-01-01,WAU,Coast,3778.6031438
2005-04-01,WAU,Coast,3217.9649636
2005-07-01,WAU,Coast,3787.9992537000003
2005-10-01,WAU,Coast,3344.4041686
2006-01-01,WAU,Coast,3439.66828
2006-04-01,WAU,Coast,3586.984645
2006-07-01,WAU,Coast,4351.379475
2006-10-01,WAU,Coast,4044.4143189999995
2007-01-01,WAU,Coast,4169.6921351
2007-04-01,WAU,Coast,4248.1485569999995
2007-07-01,WAU,Coast,5315.5838864
2007-10-01,WAU,Coast,3856.4695037
2008-01-01,WAU,Coast,3689.4825564999996
2008-04-01,WAU,Coast,3041.3864773
2008-07-01,WAU,Coast,4548.8599672
2008-10-01,WAU,Coast,2693.3222183
2009-01-01,WAU,Coast,3065.6401756
2009-04-01,WAU,Coast,2649.5068472000003
2009-07-01,WAU,Coast,3425.2737933
2009-10-01,WAU,Coast,2350.3463585
2010-01-01,WAU,Coast,2951.7808613
2010-04-01,WAU,Coast,2611.6532521
2010-07-01,WAU,Coast,4173.9777315
2010-10-01,WAU,Coast,3071.0419742999998
2011-01-01,WAU,Coast,3240.3937287
2011-04-01,WAU,Coast,2979.7810737
2011-07-01,WAU,Coast,3596.9949626999996
2011-10-01,WAU,Coast,3272.2376013999997
2012-01-01,WAU,Coast,3654.5253908
2012-04-01,WAU,Coast,3578.1851124
2012-07-01,WAU,Coast,3466.4731113
2012-10-01,WAU,Coast,4108.3370055000005
2013-01-01,WAU,Coast,3876.6691358999997
2013-04-01,WAU,Coast,3495.1681052
2013-07-01,WAU,Coast,4388.933602200001
2013-10-01,WAU,Coast,3467.3038305
2014-01-01,WAU,Coast,5630.403218300001
2014-04-01,WAU,Coast,5270.4820685
2014-07-01,WAU,Coast,5259.4199297
2014-10-01,WAU,Coast,5620.602913200001
2015-01-01,WAU,Coast,5497.129395499999
2015-04-01,WAU,Coast,5219.8039466
2015-07-01,WAU,Coast,6347.6132432
2015-10-01,WAU,Coast,6174.6180051
2016-01-01,WAU,Coast,6738.585713200001
2016-04-01,WAU,Coast,5937.479060299999
2016-07-01,WAU,Coast,6065.8077892
2016-10-01,WAU,Coast,5983.870052599999
1998-01-01,WAU,Inner,694.9953720999999
1998-04-01,WAU,Inner,557.679575
1998-07-01,WAU,Inner,1006.1844166000001
1998-10-01,WAU,Inner,1172.5514471000001
1999-01-01,WAU,Inner,398.1829092
1999-04-01,WAU,Inner,596.0181615
1999-07-01,WAU,Inner,951.4561603
1999-10-01,WAU,Inner,832.4045797
2000-01-01,WAU,Inner,548.1368318
2000-04-01,WAU,Inner,612.6219375000001
2000-07-01,WAU,Inner,656.8117344
2000-10-01,WAU,Inner,1092.5981758
2001-01-01,WAU,Inner,730.1630740999999
2001-04-01,WAU,Inner,599.4801067999999
2001-07-01,WAU,Inner,860.4461721
2001-10-01,WAU,Inner,1006.3038818000001
2002-01-01,WAU,Inner,1000.6523127
2002-04-01,WAU,Inner,1098.8115619
2002-07-01,WAU,Inner,797.6716895
2002-10-01,WAU,Inner,738.2546087999999
2003-01-01,WAU,Inner,886.7688204000001
2003-04-01,WAU,Inner,648.429123
2003-07-01,WAU,Inner,878.7379401999999
2003-10-01,WAU,Inner,1516.986494
2004-01-01,WAU,Inner,972.7235790999999
2004-04-01,WAU,Inner,511.93940319999996
2004-07-01,WAU,Inner,806.2099681999999
2004-10-01,WAU,Inner,820.7579837000001
2005-01-01,WAU,Inner,621.5285511000001
2005-04-01,WAU,Inner,715.4718081
2005-07-01,WAU,Inner,682.7107711
2005-10-01,WAU,Inner,663.2314222
2006-01-01,WAU,Inner,671.019401
2006-04-01,WAU,Inner,771.67946
2006-07-01,WAU,Inner,684.4545549999999
2006-10-01,WAU,Inner,680.441312
2007-01-01,WAU,Inner,600.0638036
2007-04-01,WAU,Inner,677.266265
2007-07-01,WAU,Inner,1155.1823610000001
2007-10-01,WAU,Inner,775.4374813
2008-01-01,WAU,Inner,661.0330859
2008-04-01,WAU,Inner,477.518155
2008-07-01,WAU,Inner,652.2018886
2008-10-01,WAU,Inner,619.8460927
2009-01-01,WAU,Inner,691.2244920999999
2009-04-01,WAU,Inner,469.63344159999997
2009-07-01,WAU,Inner,529.4804369
2009-10-01,WAU,Inner,573.1159729
2010-01-01,WAU,Inner,394.8897552
2010-04-01,WAU,Inner,501.24239719999997
2010-07-01,WAU,Inner,552.65747
2010-10-01,WAU,Inner,406.3121915
2011-01-01,WAU,Inner,695.7113803
2011-04-01,WAU,Inner,333.9399488
2011-07-01,WAU,Inner,699.8773351000001
2011-10-01,WAU,Inner,620.6606889999999
2012-01-01,WAU,Inner,532.9291574
2012-04-01,WAU,Inner,613.4872318
2012-07-01,WAU,Inner,815.5522023999999
2012-10-01,WAU,Inner,696.0486348000001
2013-01-01,WAU,Inner,574.3520329
2013-04-01,WAU,Inner,997.6553365999999
2013-07-01,WAU,Inner,627.8791935
2013-10-01,WAU,Inner,467.1651589
2014-01-01,WAU,Inner,764.8053358
2014-04-01,WAU,Inner,537.6912351
2014-07-01,WAU,Inner,874.9615287000001
2014-10-01,WAU,Inner,992.3311042
2015-01-01,WAU,Inner,1288.6234081999999
2015-04-01,WAU,Inner,773.6337445
2015-07-01,WAU,Inner,1088.080906
2015-10-01,WAU,Inner,1306.5454763999999
2016-01-01,WAU,Inner,1033.1225646
2016-04-01,WAU,Inner,1243.2784688
2016-07-01,WAU,Inner,1169.3276567
2016-10-01,WAU,Inner,1345.3844156999999
1998-01-01,OTH,Metro,3437.9239454000003
1998-04-01,OTH,Metro,2677.0811074000003
1998-07-01,OTH,Metro,3793.7428873
1998-10-01,OTH,Metro,3304.2310816000004
1999-01-01,OTH,Metro,3510.8187276
1999-04-01,OTH,Metro,2871.8674937
1999-07-01,OTH,Metro,3833.2309079000006
1999-10-01,OTH,Metro,3143.405657
2000-01-01,OTH,Metro,4126.2484116000005
2000-04-01,OTH,Metro,3032.59782
2000-07-01,OTH,Metro,4203.9693324
2000-10-01,OTH,Metro,3426.2929257
2001-01-01,OTH,Metro,2919.3465270999995
2001-04-01,OTH,Metro,3413.3701183
2001-07-01,OTH,Metro,3461.5602467
2001-10-01,OTH,Metro,3102.4146764999996
2002-01-01,OTH,Metro,3195.7842142
2002-04-01,OTH,Metro,2816.7046843999997
2002-07-01,OTH,Metro,3733.3593169999995
2002-10-01,OTH,Metro,3861.2576743
2003-01-01,OTH,Metro,2802.4228591000006
2003-04-01,OTH,Metro,3338.4876467999998
2003-07-01,OTH,Metro,3193.4933612000004
2003-10-01,OTH,Metro,3218.3147998000004
2004-01-01,OTH,Metro,4061.2923694
2004-04-01,OTH,Metro,3268.0684291000002
2004-07-01,OTH,Metro,3333.7400557
2004-10-01,OTH,Metro,3251.4255536000005
2005-01-01,OTH,Metro,3758.5752791000004
2005-04-01,OTH,Metro,2873.837178
2005-07-01,OTH,Metro,4155.5745605
2005-10-01,OTH,Metro,2599.0841124999997
2006-01-01,OTH,Metro,3578.4510649999997
2006-04-01,OTH,Metro,3837.716177
2006-07-01,OTH,Metro,3860.515761
2006-10-01,OTH,Metro,3331.924298
2007-01-01,OTH,Metro,4612.3508249
2007-04-01,OTH,Metro,4095.9139167
2007-07-01,OTH,Metro,3594.4151259
2007-10-01,OTH,Metro,3404.1251256
2008-01-01,OTH,Metro,3237.6731291
2008-04-01,OTH,Metro,2875.4924605
2008-07-01,OTH,Metro,3836.4798083999995
2008-10-01,OTH,Metro,2911.5515508999997
2009-01-01,OTH,Metro,3243.3087216
2009-04-01,OTH,Metro,3274.4855093
2009-07-01,OTH,Metro,3705.9372242000004
2009-10-01,OTH,Metro,2987.3594808
2010-01-01,OTH,Metro,3837.5444788
2010-04-01,OTH,Metro,3570.3090761
2010-07-01,OTH,Metro,3421.6091677
2010-10-01,OTH,Metro,2796.468832
2011-01-01,OTH,Metro,2923.030363
2011-04-01,OTH,Metro,2511.9305328
2011-07-01,OTH,Metro,3848.0496923
2011-10-01,OTH,Metro,3231.6596478
2012-01-01,OTH,Metro,3522.1719196
2012-04-01,OTH,Metro,2928.1717257
2012-07-01,OTH,Metro,3833.7861731
2012-10-01,OTH,Metro,3426.875204
2013-01-01,OTH,Metro,3569.7826916999998
2013-04-01,OTH,Metro,3040.3931456
2013-07-01,OTH,Metro,2872.4453674
2013-10-01,OTH,Metro,2707.7718157
2014-01-01,OTH,Metro,3176.7323739999997
2014-04-01,OTH,Metro,3483.8159825
2014-07-01,OTH,Metro,3698.0007725
2014-10-01,OTH,Metro,3490.8184675
2015-01-01,OTH,Metro,4269.4513855000005
2015-04-01,OTH,Metro,3718.5754758
2015-07-01,OTH,Metro,4419.0106969
2015-10-01,OTH,Metro,3809.9729347
2016-01-01,OTH,Metro,4288.449358100001
2016-04-01,OTH,Metro,3278.0230939
2016-07-01,OTH,Metro,4290.924676600001
2016-10-01,OTH,Metro,4233.8375496
1998-01-01,OTH,NoMet,2073.469372
1998-04-01,OTH,NoMet,1787.9385191
1998-07-01,OTH,NoMet,2345.0206343
1998-10-01,OTH,NoMet,1943.6887213999998
1999-01-01,OTH,NoMet,2165.8378700999997
1999-04-01,OTH,NoMet,1803.9396812000002
1999-07-01,OTH,NoMet,1612.6552162
1999-10-01,OTH,NoMet,1652.280397
2000-01-01,OTH,NoMet,2026.803439
2000-04-01,OTH,NoMet,1716.1138921999998
2000-07-01,OTH,NoMet,1748.9917105000002
2000-10-01,OTH,NoMet,1883.5133912
2001-01-01,OTH,NoMet,1867.3941788999998
2001-04-01,OTH,NoMet,1853.5695158
2001-07-01,OTH,NoMet,1961.2570044
2001-10-01,OTH,NoMet,1411.2940963999997
2002-01-01,OTH,NoMet,1999.5952655000003
2002-04-01,OTH,NoMet,1846.5321916
2002-07-01,OTH,NoMet,1749.3738044999998
2002-10-01,OTH,NoMet,2000.5126599
2003-01-01,OTH,NoMet,2179.9168731
2003-04-01,OTH,NoMet,1803.2189825
2003-07-01,OTH,NoMet,1600.4936397000001
2003-10-01,OTH,NoMet,2003.3628621
2004-01-01,OTH,NoMet,2751.4103786
2004-04-01,OTH,NoMet,1709.8061818
2004-07-01,OTH,NoMet,1737.1135161000002
2004-10-01,OTH,NoMet,1495.824927
2005-01-01,OTH,NoMet,2238.6302032
2005-04-01,OTH,NoMet,1509.0096245
2005-07-01,OTH,NoMet,1740.1454912000002
2005-10-01,OTH,NoMet,1059.1812097
2006-01-01,OTH,NoMet,2232.595269
2006-04-01,OTH,NoMet,1894.5196080000003
2006-07-01,OTH,NoMet,1599.6474630000002
2006-10-01,OTH,NoMet,1349.167665
2007-01-01,OTH,NoMet,2530.3908421
2007-04-01,OTH,NoMet,1591.9737817
2007-07-01,OTH,NoMet,1540.7343499
2007-10-01,OTH,NoMet,1865.3561381000002
2008-01-01,OTH,NoMet,2578.3045082
2008-04-01,OTH,NoMet,2136.0584577
2008-07-01,OTH,NoMet,1783.5714187
2008-10-01,OTH,NoMet,1207.8040996
2009-01-01,OTH,NoMet,1988.4353402000002
2009-04-01,OTH,NoMet,1682.3332209999999
2009-07-01,OTH,NoMet,1516.8819090000002
2009-10-01,OTH,NoMet,1444.9382049
2010-01-01,OTH,NoMet,2151.455388
2010-04-01,OTH,NoMet,1534.2433790999999
2010-07-01,OTH,NoMet,1625.4593029
2010-10-01,OTH,NoMet,1271.2642582
2011-01-01,OTH,NoMet,2048.3842783
2011-04-01,OTH,NoMet,1380.6448768000002
2011-07-01,OTH,NoMet,1783.5730409999999
2011-10-01,OTH,NoMet,1259.9233441
2012-01-01,OTH,NoMet,1948.4483195
2012-04-01,OTH,NoMet,1453.1308050999999
2012-07-01,OTH,NoMet,1779.2883332000001
2012-10-01,OTH,NoMet,1621.0434469
2013-01-01,OTH,NoMet,2093.008732
2013-04-01,OTH,NoMet,1502.4552208000002
2013-07-01,OTH,NoMet,1234.2353383
2013-10-01,OTH,NoMet,1260.3400361
2014-01-01,OTH,NoMet,2235.1585136
2014-04-01,OTH,NoMet,1965.4500477000001
2014-07-01,OTH,NoMet,1683.0199071
2014-10-01,OTH,NoMet,1858.2373549000001
2015-01-01,OTH,NoMet,2574.9353336
2015-04-01,OTH,NoMet,2010.5831637000003
2015-07-01,OTH,NoMet,1819.065986
2015-10-01,OTH,NoMet,2379.3675058000003
2016-01-01,OTH,NoMet,2853.1008383
2016-04-01,OTH,NoMet,1917.0895506999998
2016-07-01,OTH,NoMet,2131.9023115
2016-10-01,OTH,NoMet,2015.2496139
